{
    "avg_plddt": 64.90357971191406,
    "gpde": 1.0510516166687012,
    "iptm": 0.0,
    "ptm": 0.5651199221611023,
    "disorder": 0.0,
    "has_clash": 0.0,
    "sample_ranking_score": 0.11302398890256882,
    "ptm_by_asym_id": {
        "1": 0.5651199221611023
    },
    "iptm_by_asym_id_pair": {},
    "bespoke_iptm_by_asym_id_pair": {}
}