{
    "avg_plddt": 64.78543090820312,
    "gpde": 1.0489137172698975,
    "iptm": 0.0,
    "ptm": 0.5627734065055847,
    "disorder": 0.0,
    "has_clash": 0.0,
    "sample_ranking_score": 0.11255468428134918,
    "ptm_by_asym_id": {
        "1": 0.5627734065055847
    },
    "iptm_by_asym_id_pair": {},
    "bespoke_iptm_by_asym_id_pair": {}
}