Model,avg_plddt,gpde,iptm,ptm,disorder,sample_ranking_score
1,64.85195922851562,1.0409011840820312,0.0,0.566548764705658,0.0,0.11330975592136383
2,65.07201385498047,1.038386344909668,0.0,0.5672174692153931,0.0,0.11344349384307861
3,64.90357971191406,1.0510516166687012,0.0,0.5651199221611023,0.0,0.11302398890256882
4,64.78543090820312,1.0489137172698975,0.0,0.5627734065055847,0.0,0.11255468428134918
5,64.8403091430664,1.0448479652404785,0.0,0.5642760396003723,0.0,0.1128552109003067
